0, 100, 0
1, 98, 1
2, 96, 2
3, 96, 2
4, 96, 2
5, 94, 3
6, 92, 4
7, 90, 5
8, 90, 5
9, 88, 6
10, 88, 6
11, 86, 7
12, 86, 7
13, 84, 8
14, 82, 9
15, 82, 9
16, 82, 9
17, 82, 9
18, 82, 9
19, 82, 9
20, 82, 9
21, 82, 9
22, 82, 9
23, 82, 9
24, 82, 9
25, 80, 10
26, 80, 10
27, 80, 10
28, 80, 10
29, 80, 10
30, 80, 10
31, 80, 10
32, 80, 10
33, 80, 10
34, 80, 10
35, 80, 10
36, 80, 10
37, 80, 10
38, 80, 10
39, 80, 10
40, 80, 10
41, 80, 10
42, 80, 10
43, 80, 10
44, 80, 10
45, 80, 10
46, 80, 10
47, 80, 10
48, 80, 10
49, 80, 10
50, 80, 10
51, 80, 10
52, 80, 10
53, 80, 10
54, 80, 10
55, 80, 10
56, 80, 10
57, 80, 10
58, 80, 10
59, 80, 10
60, 80, 10
61, 80, 10
62, 78, 11
63, 78, 11
64, 78, 11
65, 78, 11
66, 78, 11
67, 78, 11
68, 78, 11
69, 78, 11
70, 78, 11
71, 78, 11
72, 78, 11
73, 78, 11
74, 78, 11
75, 78, 11
76, 78, 11
77, 78, 11
78, 78, 11
79, 78, 11
80, 78, 11
81, 78, 11
82, 78, 11
83, 78, 11
84, 78, 11
85, 78, 11
86, 78, 11
87, 78, 11
88, 78, 11
89, 78, 11
90, 78, 11
91, 78, 11
92, 78, 11
93, 78, 11
94, 78, 11
95, 78, 11
96, 78, 11
97, 78, 11
98, 78, 11
99, 78, 11
100, 78, 11
101, 78, 11
102, 78, 11
103, 76, 12
104, 76, 12
105, 76, 12
106, 76, 12
107, 76, 12
108, 76, 12
109, 76, 12
110, 76, 12
111, 76, 12
112, 76, 12
113, 76, 12
114, 74, 13
115, 74, 13
116, 74, 13
117, 74, 13
118, 74, 13
119, 74, 13
120, 74, 13
121, 74, 13
122, 74, 13
123, 74, 13
124, 74, 13
125, 74, 13
126, 74, 13
127, 74, 13
128, 74, 13
129, 74, 13
130, 74, 13
131, 74, 13
132, 74, 13
133, 74, 13
134, 74, 13
135, 74, 13
136, 74, 13
137, 74, 13
138, 74, 13
139, 74, 13
140, 74, 13
141, 74, 13
142, 74, 13
143, 74, 13
144, 74, 13
145, 74, 13
146, 74, 13
147, 74, 13
148, 74, 13
149, 74, 13
150, 74, 13
151, 74, 13
152, 74, 13
153, 74, 13
154, 74, 13
155, 74, 13
156, 74, 13
157, 74, 13
158, 74, 13
159, 74, 13
160, 74, 13
161, 74, 13
162, 74, 13
163, 74, 13
164, 74, 13
165, 74, 13
166, 74, 13
167, 74, 13
168, 74, 13
169, 74, 13
170, 74, 13
171, 74, 13
172, 74, 13
173, 74, 13
174, 74, 13
175, 74, 13
176, 74, 13
177, 74, 13
178, 74, 13
179, 74, 13
180, 74, 13
181, 72, 14
182, 72, 14
183, 72, 14
184, 72, 14
185, 72, 14
186, 70, 15
187, 70, 15
188, 70, 15
189, 70, 15
190, 70, 15
191, 70, 15
192, 70, 15
193, 70, 15
194, 70, 15
195, 70, 15
196, 70, 15
197, 70, 15
198, 70, 15
199, 70, 15
200, 70, 15
201, 70, 15
202, 70, 15
203, 70, 15
204, 70, 15
205, 70, 15
206, 70, 15
207, 70, 15
208, 70, 15
209, 70, 15
210, 70, 15
211, 70, 15
212, 70, 15
213, 70, 15
214, 70, 15
215, 70, 15
216, 70, 15
217, 70, 15
218, 70, 15
219, 70, 15
220, 68, 16
221, 68, 16
222, 68, 16
223, 68, 16
224, 68, 16
225, 66, 17
226, 66, 17
227, 66, 17
228, 66, 17
229, 66, 17
230, 66, 17
231, 66, 17
232, 66, 17
233, 66, 17
234, 66, 17
235, 64, 18
236, 64, 18
237, 64, 18
238, 64, 18
239, 64, 18
240, 64, 18
241, 64, 18
242, 64, 18
243, 64, 18
244, 64, 18
245, 64, 18
246, 64, 18
247, 64, 18
248, 64, 18
249, 64, 18
250, 64, 18
251, 64, 18
252, 64, 18
253, 64, 18
254, 64, 18
255, 64, 18
256, 64, 18
257, 64, 18
258, 64, 18
259, 64, 18
260, 64, 18
261, 64, 18
262, 64, 18
263, 64, 18
264, 62, 19
265, 62, 19
266, 62, 19
267, 62, 19
268, 62, 19
269, 62, 19
270, 62, 19
271, 62, 19
272, 62, 19
273, 62, 19
274, 62, 19
275, 62, 19
276, 62, 19
277, 62, 19
278, 62, 19
279, 62, 19
280, 62, 19
281, 62, 19
282, 62, 19
283, 62, 19
284, 62, 19
285, 62, 19
286, 62, 19
287, 62, 19
288, 62, 19
289, 62, 19
290, 62, 19
291, 62, 19
292, 62, 19
293, 62, 19
294, 62, 19
295, 62, 19
296, 62, 19
297, 62, 19
298, 62, 19
299, 62, 19
300, 62, 19
301, 62, 19
302, 62, 19
303, 62, 19
304, 62, 19
305, 62, 19
306, 62, 19
307, 62, 19
308, 62, 19
309, 62, 19
310, 62, 19
311, 62, 19
312, 62, 19
313, 62, 19
314, 62, 19
315, 62, 19
316, 62, 19
317, 62, 19
318, 62, 19
319, 62, 19
320, 62, 19
321, 62, 19
322, 62, 19
323, 62, 19
324, 62, 19
325, 62, 19
326, 62, 19
327, 62, 19
328, 62, 19
329, 62, 19
330, 62, 19
331, 62, 19
332, 62, 19
333, 62, 19
334, 62, 19
335, 62, 19
336, 62, 19
337, 62, 19
338, 62, 19
339, 62, 19
340, 62, 19
341, 62, 19
342, 62, 19
343, 62, 19
344, 62, 19
345, 62, 19
346, 62, 19
347, 62, 19
348, 62, 19
349, 62, 19
350, 62, 19
351, 60, 20
352, 60, 20
353, 60, 20
354, 60, 20
355, 60, 20
356, 60, 20
357, 60, 20
358, 60, 20
359, 60, 20
360, 60, 20
361, 60, 20
362, 60, 20
363, 60, 20
364, 60, 20
365, 60, 20
366, 60, 20
367, 60, 20
368, 60, 20
369, 60, 20
370, 60, 20
371, 60, 20
372, 58, 21
373, 58, 21
374, 58, 21
375, 58, 21
376, 58, 21
377, 58, 21
378, 58, 21
379, 58, 21
380, 58, 21
381, 58, 21
382, 58, 21
383, 58, 21
384, 58, 21
385, 58, 21
386, 58, 21
387, 58, 21
388, 58, 21
389, 58, 21
390, 58, 21
391, 58, 21
392, 58, 21
393, 58, 21
394, 58, 21
395, 58, 21
396, 58, 21
397, 58, 21
398, 58, 21
399, 58, 21
400, 58, 21
401, 58, 21
402, 58, 21
403, 58, 21
404, 58, 21
405, 58, 21
406, 58, 21
407, 58, 21
408, 58, 21
409, 58, 21
410, 58, 21
411, 58, 21
412, 58, 21
413, 58, 21
414, 58, 21
415, 58, 21
416, 58, 21
417, 58, 21
418, 58, 21
419, 58, 21
420, 56, 22
421, 56, 22
422, 56, 22
423, 56, 22
424, 56, 22
425, 56, 22
426, 56, 22
427, 56, 22
428, 56, 22
429, 56, 22
430, 56, 22
431, 56, 22
432, 56, 22
433, 56, 22
434, 56, 22
435, 56, 22
436, 56, 22
437, 56, 22
438, 56, 22
439, 54, 23
440, 54, 23
441, 54, 23
442, 52, 24
443, 52, 24
444, 52, 24
445, 52, 24
446, 52, 24
447, 52, 24
448, 52, 24
449, 52, 24
450, 52, 24
451, 52, 24
452, 52, 24
453, 52, 24
454, 52, 24
455, 52, 24
456, 52, 24
457, 52, 24
458, 52, 24
459, 52, 24
460, 52, 24
461, 52, 24
462, 52, 24
463, 52, 24
464, 52, 24
465, 52, 24
466, 52, 24
467, 52, 24
468, 52, 24
469, 52, 24
470, 52, 24
471, 52, 24
472, 52, 24
473, 52, 24
474, 52, 24
475, 52, 24
476, 52, 24
477, 52, 24
478, 52, 24
479, 52, 24
480, 52, 24
481, 52, 24
482, 52, 24
483, 52, 24
484, 52, 24
485, 52, 24
486, 52, 24
487, 52, 24
488, 52, 24
489, 52, 24
490, 52, 24
491, 52, 24
492, 52, 24
493, 52, 24
494, 52, 24
495, 52, 24
496, 52, 24
497, 52, 24
498, 52, 24
499, 52, 24
500, 52, 24
501, 52, 24
502, 52, 24
503, 52, 24
504, 52, 24
505, 52, 24
506, 52, 24
507, 52, 24
508, 52, 24
509, 52, 24
510, 52, 24
511, 52, 24
512, 52, 24
513, 52, 24
514, 52, 24
515, 52, 24
516, 52, 24
517, 52, 24
518, 52, 24
519, 52, 24
520, 52, 24
521, 52, 24
522, 52, 24
523, 52, 24
524, 52, 24
525, 52, 24
526, 52, 24
527, 52, 24
528, 52, 24
529, 52, 24
530, 52, 24
531, 52, 24
532, 52, 24
533, 52, 24
534, 52, 24
535, 52, 24
536, 52, 24
537, 52, 24
538, 52, 24
539, 52, 24
540, 52, 24
541, 52, 24
542, 52, 24
543, 52, 24
544, 52, 24
545, 52, 24
546, 52, 24
547, 52, 24
548, 52, 24
549, 52, 24
550, 52, 24
551, 52, 24
552, 52, 24
553, 52, 24
554, 52, 24
555, 52, 24
556, 52, 24
557, 52, 24
558, 52, 24
559, 52, 24
560, 52, 24
561, 52, 24
562, 52, 24
563, 52, 24
564, 52, 24
565, 52, 24
566, 52, 24
567, 52, 24
568, 52, 24
569, 52, 24
570, 52, 24
571, 52, 24
572, 52, 24
573, 52, 24
574, 52, 24
575, 52, 24
576, 52, 24
577, 52, 24
578, 52, 24
579, 52, 24
580, 52, 24
581, 52, 24
582, 52, 24
583, 52, 24
584, 52, 24
585, 52, 24
586, 52, 24
587, 52, 24
588, 52, 24
589, 52, 24
590, 52, 24
591, 52, 24
592, 52, 24
593, 52, 24
594, 52, 24
595, 52, 24
596, 52, 24
597, 52, 24
598, 52, 24
599, 52, 24
600, 50, 25
601, 50, 25
602, 50, 25
603, 50, 25
604, 50, 25
605, 50, 25
606, 50, 25
607, 50, 25
608, 50, 25
609, 50, 25
610, 50, 25
611, 50, 25
612, 50, 25
613, 50, 25
614, 50, 25
615, 50, 25
616, 50, 25
617, 50, 25
618, 50, 25
619, 50, 25
620, 50, 25
621, 50, 25
622, 50, 25
623, 50, 25
624, 50, 25
625, 50, 25
626, 50, 25
627, 50, 25
628, 50, 25
629, 50, 25
630, 50, 25
631, 50, 25
632, 50, 25
633, 50, 25
634, 50, 25
635, 50, 25
636, 50, 25
637, 50, 25
638, 50, 25
639, 50, 25
640, 50, 25
641, 50, 25
642, 50, 25
643, 50, 25
644, 50, 25
645, 50, 25
646, 50, 25
647, 50, 25
648, 50, 25
649, 50, 25
650, 50, 25
651, 50, 25
652, 50, 25
653, 50, 25
654, 50, 25
655, 50, 25
656, 50, 25
657, 50, 25
658, 50, 25
659, 50, 25
660, 50, 25
661, 50, 25
662, 50, 25
663, 50, 25
664, 50, 25
665, 50, 25
666, 50, 25
667, 50, 25
668, 50, 25
669, 50, 25
670, 50, 25
671, 50, 25
672, 50, 25
673, 50, 25
674, 50, 25
675, 50, 25
676, 50, 25
677, 50, 25
678, 50, 25
679, 50, 25
680, 50, 25
681, 50, 25
682, 50, 25
683, 50, 25
684, 50, 25
685, 50, 25
686, 50, 25
687, 50, 25
688, 50, 25
689, 50, 25
690, 50, 25
691, 50, 25
692, 50, 25
693, 50, 25
694, 50, 25
695, 50, 25
696, 50, 25
697, 50, 25
698, 50, 25
699, 50, 25
700, 50, 25
701, 50, 25
702, 50, 25
703, 50, 25
704, 50, 25
705, 50, 25
706, 50, 25
707, 50, 25
708, 50, 25
709, 50, 25
710, 50, 25
711, 50, 25
712, 50, 25
713, 50, 25
714, 50, 25
715, 50, 25
716, 50, 25
717, 50, 25
718, 50, 25
719, 50, 25
720, 50, 25
721, 50, 25
722, 50, 25
723, 50, 25
724, 50, 25
725, 50, 25
726, 50, 25
727, 50, 25
728, 50, 25
729, 50, 25
730, 50, 25
731, 50, 25
732, 50, 25
733, 50, 25
734, 48, 26
735, 48, 26
736, 48, 26
737, 48, 26
738, 48, 26
739, 48, 26
740, 48, 26
741, 48, 26
742, 48, 26
743, 48, 26
744, 48, 26
745, 48, 26
746, 48, 26
747, 48, 26
748, 48, 26
749, 48, 26
750, 48, 26
751, 48, 26
752, 48, 26
753, 48, 26
754, 48, 26
755, 48, 26
756, 48, 26
757, 48, 26
758, 48, 26
759, 48, 26
760, 48, 26
761, 48, 26
762, 48, 26
763, 48, 26
764, 48, 26
765, 48, 26
766, 48, 26
767, 48, 26
768, 48, 26
769, 48, 26
770, 48, 26
771, 48, 26
772, 48, 26
773, 48, 26
774, 48, 26
775, 48, 26
776, 48, 26
777, 48, 26
778, 48, 26
779, 48, 26
780, 48, 26
781, 48, 26
782, 48, 26
783, 48, 26
784, 48, 26
785, 48, 26
786, 48, 26
787, 48, 26
788, 48, 26
789, 48, 26
790, 48, 26
791, 48, 26
792, 48, 26
793, 48, 26
794, 48, 26
795, 48, 26
796, 48, 26
797, 48, 26
798, 48, 26
799, 48, 26
800, 48, 26
801, 48, 26
802, 48, 26
803, 48, 26
804, 48, 26
805, 48, 26
806, 48, 26
807, 48, 26
808, 48, 26
809, 48, 26
810, 48, 26
811, 48, 26
812, 48, 26
813, 48, 26
814, 48, 26
815, 48, 26
816, 48, 26
817, 48, 26
818, 48, 26
819, 48, 26
820, 48, 26
821, 48, 26
822, 48, 26
823, 48, 26
824, 48, 26
825, 48, 26
826, 48, 26
827, 48, 26
828, 48, 26
829, 48, 26
830, 48, 26
831, 48, 26
832, 48, 26
833, 48, 26
834, 48, 26
835, 48, 26
836, 48, 26
837, 48, 26
838, 48, 26
839, 48, 26
840, 48, 26
841, 48, 26
842, 48, 26
843, 48, 26
844, 48, 26
845, 48, 26
846, 48, 26
847, 48, 26
848, 48, 26
849, 48, 26
850, 48, 26
851, 48, 26
852, 48, 26
853, 48, 26
854, 48, 26
855, 48, 26
856, 48, 26
857, 48, 26
858, 48, 26
859, 48, 26
860, 48, 26
861, 48, 26
862, 48, 26
863, 48, 26
864, 48, 26
865, 48, 26
866, 48, 26
867, 48, 26
868, 46, 27
869, 46, 27
870, 46, 27
871, 46, 27
872, 46, 27
873, 46, 27
874, 46, 27
875, 46, 27
876, 46, 27
877, 46, 27
878, 46, 27
879, 46, 27
880, 46, 27
881, 46, 27
882, 46, 27
883, 46, 27
884, 46, 27
885, 46, 27
886, 46, 27
887, 46, 27
888, 46, 27
889, 46, 27
890, 46, 27
891, 46, 27
892, 46, 27
893, 46, 27
894, 46, 27
895, 46, 27
896, 46, 27
897, 46, 27
898, 46, 27
899, 46, 27
900, 46, 27
901, 46, 27
902, 46, 27
903, 46, 27
904, 46, 27
905, 46, 27
906, 46, 27
907, 46, 27
908, 46, 27
909, 46, 27
910, 46, 27
911, 46, 27
912, 46, 27
913, 46, 27
914, 46, 27
915, 46, 27
916, 46, 27
917, 46, 27
918, 46, 27
919, 46, 27
920, 46, 27
921, 46, 27
922, 46, 27
923, 46, 27
924, 46, 27
925, 46, 27
926, 46, 27
927, 46, 27
928, 46, 27
929, 46, 27
930, 46, 27
931, 46, 27
932, 46, 27
933, 46, 27
934, 46, 27
935, 46, 27
936, 46, 27
937, 46, 27
938, 46, 27
939, 46, 27
940, 46, 27
941, 46, 27
942, 46, 27
943, 46, 27
944, 46, 27
945, 46, 27
946, 46, 27
947, 46, 27
948, 46, 27
949, 46, 27
950, 46, 27
951, 46, 27
952, 46, 27
953, 46, 27
954, 46, 27
955, 46, 27
956, 46, 27
957, 46, 27
958, 46, 27
959, 46, 27
960, 46, 27
961, 46, 27
962, 46, 27
963, 46, 27
964, 46, 27
965, 46, 27
966, 46, 27
967, 46, 27
968, 46, 27
969, 46, 27
970, 46, 27
971, 46, 27
972, 46, 27
973, 46, 27
974, 46, 27
975, 46, 27
976, 46, 27
977, 46, 27
978, 46, 27
979, 46, 27
980, 46, 27
981, 46, 27
982, 46, 27
983, 46, 27
984, 46, 27
985, 46, 27
986, 46, 27
987, 46, 27
988, 46, 27
989, 46, 27
990, 46, 27
991, 46, 27
992, 46, 27
993, 46, 27
994, 46, 27
995, 46, 27
996, 46, 27
997, 46, 27
998, 46, 27
999, 46, 27
1000, 46, 27
1001, 46, 27
1002, 46, 27
1003, 46, 27
1004, 46, 27
1005, 46, 27
1006, 46, 27
1007, 46, 27
1008, 46, 27
1009, 46, 27
1010, 46, 27
1011, 46, 27
1012, 46, 27
1013, 46, 27
1014, 46, 27
1015, 46, 27
1016, 46, 27
1017, 46, 27
1018, 46, 27
1019, 46, 27
1020, 46, 27
1021, 46, 27
1022, 46, 27
1023, 46, 27
1024, 46, 27
1025, 46, 27
1026, 46, 27
1027, 46, 27
1028, 46, 27
1029, 46, 27
1030, 46, 27
1031, 46, 27
1032, 46, 27
1033, 46, 27
1034, 46, 27
1035, 46, 27
1036, 46, 27
1037, 46, 27
1038, 46, 27
1039, 46, 27
1040, 46, 27
1041, 46, 27
1042, 46, 27
1043, 46, 27
1044, 46, 27
1045, 46, 27
1046, 46, 27
1047, 46, 27
1048, 46, 27
1049, 46, 27
1050, 46, 27
1051, 46, 27
1052, 46, 27
1053, 46, 27
1054, 46, 27
1055, 46, 27
1056, 46, 27
1057, 46, 27
1058, 46, 27
1059, 46, 27
1060, 46, 27
1061, 46, 27
1062, 46, 27
1063, 46, 27
1064, 46, 27
1065, 46, 27
1066, 46, 27
1067, 46, 27
1068, 46, 27
1069, 46, 27
1070, 46, 27
1071, 46, 27
1072, 46, 27
1073, 46, 27
1074, 46, 27
1075, 46, 27
1076, 46, 27
1077, 46, 27
1078, 46, 27
1079, 46, 27
1080, 46, 27
1081, 46, 27
1082, 46, 27
1083, 46, 27
1084, 46, 27
1085, 46, 27
1086, 46, 27
1087, 46, 27
1088, 46, 27
1089, 46, 27
1090, 46, 27
1091, 46, 27
1092, 46, 27
1093, 46, 27
1094, 46, 27
1095, 46, 27
1096, 46, 27
1097, 46, 27
1098, 46, 27
1099, 46, 27
1100, 46, 27
1101, 46, 27
1102, 46, 27
1103, 46, 27
1104, 46, 27
1105, 46, 27
1106, 46, 27
1107, 46, 27
1108, 46, 27
1109, 46, 27
1110, 46, 27
1111, 46, 27
1112, 46, 27
1113, 46, 27
1114, 46, 27
1115, 46, 27
1116, 46, 27
1117, 46, 27
1118, 46, 27
1119, 46, 27
1120, 46, 27
1121, 46, 27
1122, 46, 27
1123, 46, 27
1124, 46, 27
1125, 46, 27
1126, 46, 27
1127, 46, 27
1128, 46, 27
1129, 46, 27
1130, 46, 27
1131, 46, 27
1132, 46, 27
1133, 46, 27
1134, 46, 27
1135, 46, 27
1136, 46, 27
1137, 46, 27
1138, 46, 27
1139, 46, 27
1140, 46, 27
1141, 46, 27
1142, 46, 27
1143, 46, 27
1144, 46, 27
1145, 46, 27
1146, 46, 27
1147, 46, 27
1148, 46, 27
1149, 46, 27
1150, 46, 27
1151, 46, 27
1152, 46, 27
1153, 46, 27
1154, 46, 27
1155, 46, 27
1156, 46, 27
1157, 46, 27
1158, 46, 27
1159, 46, 27
1160, 44, 28
1161, 44, 28
1162, 44, 28
1163, 44, 28
1164, 44, 28
1165, 44, 28
1166, 44, 28
1167, 44, 28
1168, 44, 28
1169, 44, 28
1170, 44, 28
1171, 44, 28
1172, 44, 28
1173, 44, 28
1174, 44, 28
1175, 44, 28
1176, 44, 28
1177, 44, 28
1178, 44, 28
1179, 44, 28
1180, 44, 28
1181, 44, 28
1182, 44, 28
1183, 44, 28
1184, 44, 28
1185, 44, 28
1186, 44, 28
1187, 44, 28
1188, 44, 28
1189, 44, 28
1190, 44, 28
1191, 44, 28
1192, 44, 28
1193, 44, 28
1194, 44, 28
1195, 44, 28
1196, 44, 28
1197, 44, 28
1198, 44, 28
1199, 44, 28
1200, 44, 28
1201, 44, 28
1202, 44, 28
1203, 44, 28
1204, 44, 28
1205, 44, 28
1206, 44, 28
1207, 44, 28
1208, 44, 28
1209, 44, 28
1210, 44, 28
1211, 44, 28
1212, 44, 28
1213, 44, 28
1214, 44, 28
1215, 44, 28
1216, 44, 28
1217, 44, 28
1218, 44, 28
1219, 44, 28
1220, 44, 28
1221, 44, 28
1222, 44, 28
1223, 44, 28
1224, 44, 28
1225, 44, 28
1226, 44, 28
1227, 44, 28
1228, 44, 28
1229, 44, 28
1230, 44, 28
1231, 44, 28
1232, 44, 28
1233, 44, 28
1234, 44, 28
1235, 44, 28
1236, 44, 28
1237, 44, 28
1238, 44, 28
1239, 44, 28
1240, 44, 28
1241, 44, 28
1242, 44, 28
1243, 44, 28
1244, 44, 28
1245, 44, 28
1246, 44, 28
1247, 42, 29
1248, 42, 29
1249, 42, 29
1250, 42, 29
1251, 42, 29
1252, 42, 29
1253, 42, 29
1254, 42, 29
1255, 42, 29
1256, 42, 29
1257, 42, 29
1258, 42, 29
1259, 42, 29
1260, 42, 29
1261, 42, 29
1262, 42, 29
1263, 42, 29
1264, 42, 29
1265, 42, 29
1266, 42, 29
1267, 42, 29
1268, 42, 29
1269, 42, 29
1270, 42, 29
1271, 42, 29
1272, 42, 29
1273, 42, 29
1274, 42, 29
1275, 42, 29
1276, 42, 29
1277, 42, 29
1278, 42, 29
1279, 42, 29
1280, 42, 29
1281, 42, 29
1282, 42, 29
1283, 42, 29
1284, 42, 29
1285, 42, 29
1286, 42, 29
1287, 42, 29
1288, 42, 29
1289, 42, 29
1290, 42, 29
1291, 42, 29
1292, 42, 29
1293, 42, 29
1294, 42, 29
1295, 42, 29
1296, 42, 29
1297, 42, 29
1298, 42, 29
1299, 42, 29
1300, 42, 29
1301, 42, 29
1302, 42, 29
1303, 42, 29
1304, 42, 29
1305, 42, 29
1306, 42, 29
1307, 42, 29
1308, 42, 29
1309, 42, 29
1310, 42, 29
1311, 42, 29
1312, 42, 29
1313, 42, 29
1314, 42, 29
1315, 42, 29
1316, 42, 29
1317, 42, 29
1318, 42, 29
1319, 42, 29
1320, 42, 29
1321, 42, 29
1322, 42, 29
1323, 42, 29
1324, 42, 29
1325, 42, 29
1326, 42, 29
1327, 42, 29
1328, 42, 29
1329, 42, 29
1330, 42, 29
1331, 42, 29
1332, 42, 29
1333, 42, 29
1334, 42, 29
1335, 42, 29
1336, 42, 29
1337, 42, 29
1338, 42, 29
1339, 42, 29
1340, 42, 29
1341, 42, 29
1342, 42, 29
1343, 42, 29
1344, 42, 29
1345, 42, 29
1346, 42, 29
1347, 42, 29
1348, 42, 29
1349, 42, 29
1350, 42, 29
1351, 42, 29
1352, 42, 29
1353, 42, 29
1354, 42, 29
1355, 42, 29
1356, 42, 29
1357, 42, 29
1358, 42, 29
1359, 40, 30
1360, 40, 30
1361, 40, 30
1362, 40, 30
1363, 40, 30
1364, 40, 30
1365, 40, 30
1366, 40, 30
1367, 40, 30
1368, 40, 30
1369, 40, 30
1370, 40, 30
1371, 40, 30
1372, 40, 30
1373, 40, 30
1374, 40, 30
1375, 40, 30
1376, 40, 30
1377, 40, 30
1378, 40, 30
1379, 40, 30
1380, 40, 30
1381, 40, 30
1382, 40, 30
1383, 40, 30
1384, 40, 30
1385, 40, 30
1386, 40, 30
1387, 40, 30
1388, 40, 30
1389, 40, 30
1390, 40, 30
1391, 40, 30
1392, 40, 30
1393, 40, 30
1394, 40, 30
1395, 40, 30
1396, 40, 30
1397, 40, 30
1398, 40, 30
1399, 40, 30
1400, 40, 30
1401, 40, 30
1402, 40, 30
1403, 40, 30
1404, 40, 30
1405, 40, 30
1406, 40, 30
1407, 40, 30
1408, 40, 30
1409, 40, 30
1410, 40, 30
1411, 40, 30
1412, 40, 30
1413, 40, 30
1414, 40, 30
1415, 40, 30
1416, 40, 30
1417, 40, 30
1418, 40, 30
1419, 40, 30
1420, 40, 30
1421, 40, 30
1422, 40, 30
1423, 40, 30
1424, 40, 30
1425, 40, 30
1426, 38, 31
1427, 38, 31
1428, 38, 31
1429, 38, 31
1430, 38, 31
1431, 38, 31
1432, 38, 31
1433, 38, 31
1434, 38, 31
1435, 38, 31
1436, 38, 31
1437, 38, 31
1438, 38, 31
1439, 38, 31
1440, 38, 31
1441, 38, 31
1442, 38, 31
1443, 38, 31
1444, 38, 31
1445, 38, 31
1446, 38, 31
1447, 38, 31
1448, 38, 31
1449, 38, 31
1450, 38, 31
1451, 38, 31
1452, 38, 31
1453, 38, 31
1454, 38, 31
1455, 38, 31
1456, 38, 31
1457, 38, 31
1458, 38, 31
1459, 38, 31
1460, 38, 31
1461, 38, 31
1462, 38, 31
1463, 38, 31
1464, 38, 31
1465, 38, 31
1466, 38, 31
1467, 38, 31
1468, 38, 31
1469, 38, 31
1470, 38, 31
1471, 38, 31
1472, 38, 31
1473, 38, 31
1474, 38, 31
1475, 38, 31
1476, 38, 31
1477, 38, 31
1478, 38, 31
1479, 38, 31
1480, 38, 31
1481, 38, 31
1482, 38, 31
1483, 38, 31
1484, 38, 31
1485, 38, 31
1486, 38, 31
1487, 38, 31
1488, 38, 31
1489, 38, 31
1490, 38, 31
1491, 38, 31
1492, 38, 31
1493, 38, 31
1494, 38, 31
1495, 38, 31
1496, 38, 31
1497, 38, 31
1498, 38, 31
1499, 38, 31
1500, 38, 31
1501, 38, 31
1502, 38, 31
1503, 38, 31
1504, 38, 31
1505, 38, 31
1506, 38, 31
1507, 38, 31
1508, 38, 31
1509, 38, 31
1510, 38, 31
1511, 38, 31
1512, 38, 31
1513, 38, 31
1514, 38, 31
1515, 38, 31
1516, 38, 31
1517, 38, 31
1518, 38, 31
1519, 38, 31
1520, 38, 31
1521, 38, 31
1522, 38, 31
1523, 38, 31
1524, 38, 31
1525, 38, 31
1526, 38, 31
1527, 38, 31
1528, 38, 31
1529, 38, 31
1530, 38, 31
1531, 38, 31
1532, 38, 31
1533, 38, 31
1534, 38, 31
1535, 38, 31
1536, 38, 31
1537, 38, 31
1538, 38, 31
1539, 38, 31
1540, 38, 31
1541, 38, 31
1542, 38, 31
1543, 38, 31
1544, 38, 31
1545, 38, 31
1546, 38, 31
1547, 38, 31
1548, 38, 31
1549, 38, 31
1550, 38, 31
1551, 38, 31
1552, 38, 31
1553, 38, 31
1554, 38, 31
1555, 38, 31
1556, 38, 31
1557, 38, 31
1558, 38, 31
1559, 38, 31
1560, 38, 31
1561, 38, 31
1562, 38, 31
1563, 38, 31
1564, 38, 31
1565, 38, 31
1566, 38, 31
1567, 38, 31
1568, 38, 31
1569, 38, 31
1570, 38, 31
1571, 38, 31
1572, 38, 31
1573, 38, 31
1574, 38, 31
1575, 38, 31
1576, 38, 31
1577, 38, 31
1578, 38, 31
1579, 38, 31
1580, 38, 31
1581, 38, 31
1582, 38, 31
1583, 38, 31
1584, 38, 31
1585, 38, 31
1586, 38, 31
1587, 38, 31
1588, 38, 31
1589, 38, 31
1590, 38, 31
1591, 38, 31
1592, 38, 31
1593, 38, 31
1594, 38, 31
1595, 38, 31
1596, 38, 31
1597, 38, 31
1598, 38, 31
1599, 38, 31
1600, 38, 31
1601, 38, 31
1602, 38, 31
1603, 38, 31
1604, 38, 31
1605, 38, 31
1606, 38, 31
1607, 38, 31
1608, 38, 31
1609, 38, 31
1610, 38, 31
1611, 38, 31
1612, 38, 31
1613, 38, 31
1614, 38, 31
1615, 38, 31
1616, 38, 31
1617, 38, 31
1618, 38, 31
1619, 38, 31
1620, 38, 31
1621, 38, 31
1622, 38, 31
1623, 38, 31
1624, 38, 31
1625, 38, 31
1626, 38, 31
1627, 38, 31
1628, 38, 31
1629, 38, 31
1630, 38, 31
1631, 38, 31
1632, 38, 31
1633, 38, 31
1634, 38, 31
1635, 38, 31
1636, 38, 31
1637, 38, 31
1638, 38, 31
1639, 38, 31
1640, 38, 31
1641, 38, 31
1642, 38, 31
1643, 38, 31
1644, 38, 31
1645, 38, 31
1646, 38, 31
1647, 38, 31
1648, 38, 31
1649, 38, 31
1650, 38, 31
1651, 38, 31
1652, 38, 31
1653, 38, 31
1654, 38, 31
1655, 38, 31
1656, 38, 31
1657, 38, 31
1658, 38, 31
1659, 38, 31
1660, 38, 31
1661, 38, 31
1662, 38, 31
1663, 38, 31
1664, 38, 31
1665, 38, 31
1666, 38, 31
1667, 38, 31
1668, 38, 31
1669, 38, 31
1670, 38, 31
1671, 38, 31
1672, 38, 31
1673, 38, 31
1674, 38, 31
1675, 38, 31
1676, 38, 31
1677, 38, 31
1678, 38, 31
1679, 38, 31
1680, 38, 31
1681, 38, 31
1682, 38, 31
1683, 38, 31
1684, 38, 31
1685, 38, 31
1686, 38, 31
1687, 38, 31
1688, 38, 31
1689, 38, 31
1690, 38, 31
1691, 38, 31
1692, 38, 31
1693, 38, 31
1694, 38, 31
1695, 38, 31
1696, 38, 31
1697, 38, 31
1698, 38, 31
1699, 38, 31
1700, 38, 31
1701, 38, 31
1702, 38, 31
1703, 38, 31
1704, 38, 31
1705, 38, 31
1706, 38, 31
1707, 38, 31
1708, 38, 31
1709, 38, 31
1710, 38, 31
1711, 38, 31
1712, 38, 31
1713, 38, 31
1714, 38, 31
1715, 38, 31
1716, 38, 31
1717, 38, 31
1718, 38, 31
1719, 38, 31
1720, 38, 31
1721, 38, 31
1722, 38, 31
1723, 38, 31
1724, 38, 31
1725, 38, 31
1726, 38, 31
1727, 38, 31
1728, 38, 31
1729, 38, 31
1730, 38, 31
1731, 38, 31
1732, 38, 31
1733, 38, 31
1734, 38, 31
1735, 38, 31
1736, 38, 31
1737, 38, 31
1738, 38, 31
1739, 38, 31
1740, 38, 31
1741, 38, 31
1742, 38, 31
1743, 38, 31
1744, 38, 31
1745, 38, 31
1746, 38, 31
1747, 38, 31
1748, 38, 31
1749, 38, 31
1750, 38, 31
1751, 38, 31
1752, 38, 31
1753, 38, 31
1754, 38, 31
1755, 38, 31
1756, 38, 31
1757, 38, 31
1758, 38, 31
1759, 38, 31
1760, 38, 31
1761, 38, 31
1762, 38, 31
1763, 38, 31
1764, 38, 31
1765, 38, 31
1766, 38, 31
1767, 38, 31
1768, 38, 31
1769, 38, 31
1770, 38, 31
1771, 38, 31
1772, 38, 31
1773, 38, 31
1774, 38, 31
1775, 38, 31
1776, 38, 31
1777, 38, 31
1778, 38, 31
1779, 38, 31
1780, 38, 31
1781, 38, 31
1782, 38, 31
1783, 38, 31
1784, 38, 31
1785, 38, 31
1786, 38, 31
1787, 38, 31
1788, 38, 31
1789, 38, 31
1790, 38, 31
1791, 38, 31
1792, 38, 31
1793, 38, 31
1794, 38, 31
1795, 38, 31
1796, 38, 31
1797, 38, 31
1798, 38, 31
1799, 38, 31
1800, 38, 31
1801, 38, 31
1802, 38, 31
1803, 38, 31
1804, 38, 31
1805, 38, 31
1806, 38, 31
1807, 38, 31
1808, 38, 31
1809, 38, 31
1810, 38, 31
1811, 38, 31
1812, 38, 31
1813, 38, 31
1814, 38, 31
1815, 38, 31
1816, 38, 31
1817, 38, 31
1818, 38, 31
1819, 38, 31
1820, 38, 31
1821, 38, 31
1822, 38, 31
1823, 38, 31
1824, 38, 31
1825, 38, 31
1826, 38, 31
1827, 38, 31
1828, 38, 31
1829, 38, 31
1830, 38, 31
1831, 38, 31
1832, 38, 31
1833, 38, 31
1834, 38, 31
1835, 38, 31
1836, 38, 31
1837, 38, 31
1838, 38, 31
1839, 38, 31
1840, 38, 31
1841, 38, 31
1842, 38, 31
1843, 38, 31
1844, 38, 31
1845, 38, 31
1846, 38, 31
1847, 38, 31
1848, 38, 31
1849, 38, 31
1850, 38, 31
1851, 38, 31
1852, 38, 31
1853, 38, 31
1854, 38, 31
1855, 38, 31
1856, 38, 31
1857, 38, 31
1858, 38, 31
1859, 38, 31
1860, 38, 31
1861, 38, 31
1862, 38, 31
1863, 38, 31
1864, 38, 31
1865, 38, 31
1866, 38, 31
1867, 38, 31
1868, 38, 31
1869, 38, 31
1870, 38, 31
1871, 38, 31
1872, 38, 31
1873, 38, 31
1874, 38, 31
1875, 38, 31
1876, 38, 31
1877, 38, 31
1878, 38, 31
1879, 38, 31
1880, 38, 31
1881, 38, 31
1882, 38, 31
1883, 38, 31
1884, 38, 31
1885, 38, 31
1886, 38, 31
1887, 38, 31
1888, 38, 31
1889, 38, 31
1890, 38, 31
1891, 38, 31
1892, 38, 31
1893, 38, 31
1894, 38, 31
1895, 38, 31
1896, 38, 31
1897, 38, 31
1898, 38, 31
1899, 38, 31
1900, 38, 31
1901, 36, 32
1902, 36, 32
1903, 36, 32
1904, 36, 32
1905, 36, 32
1906, 36, 32
1907, 36, 32
1908, 36, 32
1909, 36, 32
1910, 36, 32
1911, 36, 32
1912, 36, 32
1913, 36, 32
1914, 36, 32
1915, 36, 32
1916, 36, 32
1917, 36, 32
1918, 36, 32
1919, 36, 32
1920, 36, 32
1921, 36, 32
1922, 36, 32
1923, 36, 32
1924, 36, 32
1925, 36, 32
1926, 36, 32
1927, 36, 32
1928, 36, 32
1929, 36, 32
1930, 36, 32
1931, 36, 32
1932, 36, 32
1933, 36, 32
1934, 36, 32
1935, 36, 32
1936, 36, 32
1937, 36, 32
1938, 36, 32
1939, 36, 32
1940, 36, 32
1941, 36, 32
1942, 36, 32
1943, 36, 32
1944, 36, 32
1945, 36, 32
1946, 36, 32
1947, 36, 32
1948, 36, 32
1949, 36, 32
1950, 36, 32
1951, 36, 32
1952, 36, 32
1953, 36, 32
1954, 36, 32
1955, 36, 32
1956, 36, 32
1957, 36, 32
1958, 36, 32
1959, 36, 32
1960, 36, 32
1961, 36, 32
1962, 36, 32
1963, 36, 32
1964, 36, 32
1965, 36, 32
1966, 36, 32
1967, 36, 32
1968, 36, 32
1969, 36, 32
1970, 36, 32
1971, 36, 32
1972, 36, 32
1973, 36, 32
1974, 36, 32
1975, 36, 32
1976, 36, 32
1977, 36, 32
1978, 36, 32
1979, 36, 32
1980, 36, 32
1981, 36, 32
1982, 36, 32
1983, 36, 32
1984, 36, 32
1985, 36, 32
1986, 36, 32
1987, 36, 32
1988, 36, 32
1989, 36, 32
1990, 36, 32
1991, 36, 32
1992, 36, 32
1993, 36, 32
1994, 36, 32
1995, 36, 32
1996, 36, 32
1997, 36, 32
1998, 36, 32
1999, 36, 32
2000, 36, 32
2001, 36, 32
2002, 36, 32
2003, 36, 32
2004, 36, 32
2005, 36, 32
2006, 36, 32
2007, 36, 32
2008, 36, 32
2009, 36, 32
2010, 36, 32
2011, 36, 32
2012, 36, 32
2013, 36, 32
2014, 36, 32
2015, 36, 32
2016, 36, 32
2017, 36, 32
2018, 36, 32
2019, 36, 32
2020, 36, 32
2021, 36, 32
2022, 36, 32
2023, 36, 32
2024, 36, 32
2025, 36, 32
2026, 36, 32
2027, 36, 32
2028, 36, 32
2029, 36, 32
2030, 36, 32
2031, 36, 32
2032, 36, 32
2033, 36, 32
2034, 36, 32
2035, 36, 32
2036, 36, 32
2037, 36, 32
2038, 36, 32
2039, 36, 32
2040, 36, 32
2041, 36, 32
2042, 36, 32
2043, 36, 32
2044, 36, 32
2045, 36, 32
2046, 36, 32
2047, 36, 32
2048, 36, 32
2049, 36, 32
2050, 36, 32
2051, 36, 32
2052, 36, 32
2053, 36, 32
2054, 36, 32
2055, 36, 32
2056, 36, 32
2057, 36, 32
2058, 36, 32
2059, 36, 32
2060, 36, 32
2061, 36, 32
2062, 36, 32
2063, 36, 32
2064, 36, 32
2065, 36, 32
2066, 36, 32
2067, 36, 32
2068, 36, 32
2069, 36, 32
2070, 36, 32
2071, 36, 32
2072, 36, 32
2073, 36, 32
2074, 36, 32
2075, 36, 32
2076, 36, 32
2077, 36, 32
2078, 36, 32
2079, 36, 32
2080, 36, 32
2081, 36, 32
2082, 36, 32
2083, 36, 32
2084, 36, 32
2085, 36, 32
2086, 36, 32
2087, 36, 32
2088, 36, 32
2089, 36, 32
2090, 36, 32
2091, 36, 32
2092, 36, 32
2093, 36, 32
2094, 36, 32
2095, 36, 32
2096, 36, 32
2097, 36, 32
2098, 36, 32
2099, 36, 32
2100, 36, 32
2101, 36, 32
2102, 36, 32
2103, 36, 32
2104, 36, 32
2105, 36, 32
2106, 36, 32
2107, 36, 32
2108, 36, 32
2109, 36, 32
2110, 36, 32
2111, 36, 32
2112, 36, 32
2113, 36, 32
2114, 36, 32
2115, 36, 32
2116, 36, 32
2117, 36, 32
2118, 36, 32
2119, 36, 32
2120, 36, 32
2121, 36, 32
2122, 36, 32
2123, 36, 32
2124, 36, 32
2125, 36, 32
2126, 36, 32
2127, 36, 32
2128, 36, 32
2129, 36, 32
2130, 36, 32
2131, 36, 32
2132, 36, 32
2133, 36, 32
2134, 36, 32
2135, 36, 32
2136, 36, 32
2137, 36, 32
2138, 36, 32
2139, 36, 32
2140, 36, 32
2141, 36, 32
2142, 36, 32
2143, 36, 32
2144, 36, 32
2145, 36, 32
2146, 36, 32
2147, 36, 32
2148, 36, 32
2149, 36, 32
2150, 36, 32
2151, 36, 32
2152, 36, 32
2153, 36, 32
2154, 36, 32
2155, 36, 32
2156, 36, 32
2157, 36, 32
2158, 36, 32
2159, 36, 32
2160, 36, 32
2161, 36, 32
2162, 36, 32
2163, 36, 32
2164, 36, 32
2165, 36, 32
2166, 36, 32
2167, 36, 32
2168, 36, 32
2169, 36, 32
2170, 36, 32
2171, 36, 32
2172, 36, 32
2173, 36, 32
2174, 36, 32
2175, 36, 32
2176, 36, 32
2177, 36, 32
2178, 36, 32
2179, 36, 32
2180, 36, 32
2181, 36, 32
2182, 36, 32
2183, 36, 32
2184, 36, 32
2185, 36, 32
2186, 36, 32
2187, 36, 32
2188, 36, 32
2189, 36, 32
2190, 36, 32
2191, 36, 32
2192, 34, 33
2193, 34, 33
2194, 34, 33
2195, 34, 33
2196, 34, 33
2197, 34, 33
2198, 34, 33
2199, 34, 33
2200, 34, 33
2201, 34, 33
2202, 34, 33
2203, 34, 33
2204, 34, 33
2205, 34, 33
2206, 34, 33
2207, 34, 33
2208, 34, 33
2209, 34, 33
2210, 34, 33
2211, 34, 33
2212, 34, 33
2213, 34, 33
2214, 34, 33
2215, 34, 33
2216, 34, 33
2217, 34, 33
2218, 34, 33
2219, 34, 33
2220, 34, 33
2221, 34, 33
2222, 34, 33
2223, 34, 33
2224, 34, 33
2225, 34, 33
2226, 34, 33
2227, 34, 33
2228, 34, 33
2229, 34, 33
2230, 34, 33
2231, 34, 33
2232, 34, 33
2233, 34, 33
2234, 34, 33
2235, 34, 33
2236, 34, 33
2237, 34, 33
2238, 34, 33
2239, 34, 33
2240, 34, 33
2241, 34, 33
2242, 32, 34
2243, 32, 34
2244, 32, 34
2245, 32, 34
2246, 32, 34
2247, 32, 34
2248, 32, 34
2249, 32, 34
2250, 32, 34
2251, 32, 34
2252, 32, 34
2253, 32, 34
2254, 32, 34
2255, 32, 34
2256, 32, 34
2257, 32, 34
2258, 32, 34
2259, 32, 34
2260, 32, 34
2261, 32, 34
2262, 32, 34
2263, 32, 34
2264, 32, 34
2265, 32, 34
2266, 32, 34
2267, 32, 34
2268, 32, 34
2269, 32, 34
2270, 32, 34
2271, 32, 34
2272, 32, 34
2273, 32, 34
2274, 32, 34
2275, 32, 34
2276, 32, 34
2277, 32, 34
2278, 32, 34
2279, 32, 34
2280, 32, 34
2281, 32, 34
2282, 32, 34
2283, 32, 34
2284, 32, 34
2285, 32, 34
2286, 32, 34
2287, 32, 34
2288, 32, 34
2289, 32, 34
2290, 32, 34
2291, 32, 34
2292, 32, 34
2293, 32, 34
2294, 32, 34
2295, 32, 34
2296, 32, 34
2297, 32, 34
2298, 32, 34
2299, 32, 34
2300, 32, 34
2301, 32, 34
2302, 32, 34
2303, 32, 34
2304, 32, 34
2305, 32, 34
2306, 32, 34
2307, 32, 34
2308, 32, 34
2309, 32, 34
2310, 32, 34
2311, 32, 34
2312, 32, 34
2313, 32, 34
2314, 32, 34
2315, 32, 34
2316, 32, 34
2317, 32, 34
2318, 32, 34
2319, 32, 34
2320, 32, 34
2321, 32, 34
2322, 32, 34
2323, 32, 34
2324, 32, 34
2325, 32, 34
2326, 32, 34
2327, 32, 34
2328, 32, 34
2329, 32, 34
2330, 32, 34
2331, 32, 34
2332, 32, 34
2333, 32, 34
2334, 32, 34
2335, 32, 34
2336, 32, 34
2337, 32, 34
2338, 32, 34
2339, 32, 34
2340, 32, 34
2341, 32, 34
2342, 32, 34
2343, 32, 34
2344, 32, 34
2345, 32, 34
2346, 32, 34
2347, 32, 34
2348, 32, 34
2349, 32, 34
2350, 32, 34
2351, 32, 34
2352, 32, 34
2353, 32, 34
2354, 32, 34
2355, 32, 34
2356, 32, 34
2357, 32, 34
2358, 32, 34
2359, 32, 34
2360, 32, 34
2361, 32, 34
2362, 32, 34
2363, 32, 34
2364, 32, 34
2365, 32, 34
2366, 32, 34
2367, 32, 34
2368, 32, 34
2369, 32, 34
2370, 32, 34
2371, 32, 34
2372, 32, 34
2373, 32, 34
2374, 32, 34
2375, 32, 34
2376, 32, 34
2377, 32, 34
2378, 32, 34
2379, 32, 34
2380, 32, 34
2381, 32, 34
2382, 32, 34
2383, 32, 34
2384, 32, 34
2385, 32, 34
2386, 32, 34
2387, 32, 34
2388, 32, 34
2389, 32, 34
2390, 32, 34
2391, 32, 34
2392, 32, 34
2393, 32, 34
2394, 32, 34
2395, 32, 34
2396, 32, 34
2397, 32, 34
2398, 32, 34
2399, 32, 34
2400, 32, 34
2401, 32, 34
2402, 32, 34
2403, 32, 34
2404, 32, 34
2405, 32, 34
2406, 32, 34
2407, 32, 34
2408, 32, 34
2409, 32, 34
2410, 32, 34
2411, 32, 34
2412, 32, 34
2413, 32, 34
2414, 32, 34
2415, 32, 34
2416, 32, 34
2417, 32, 34
2418, 32, 34
2419, 32, 34
2420, 32, 34
2421, 32, 34
2422, 32, 34
2423, 32, 34
2424, 32, 34
2425, 32, 34
2426, 32, 34
2427, 32, 34
2428, 32, 34
2429, 32, 34
2430, 32, 34
2431, 32, 34
2432, 32, 34
2433, 32, 34
2434, 32, 34
2435, 32, 34
2436, 32, 34
2437, 32, 34
2438, 32, 34
2439, 32, 34
2440, 32, 34
2441, 32, 34
2442, 32, 34
2443, 32, 34
2444, 32, 34
2445, 32, 34
2446, 32, 34
2447, 32, 34
2448, 32, 34
2449, 32, 34
2450, 32, 34
2451, 32, 34
2452, 32, 34
2453, 32, 34
2454, 32, 34
2455, 32, 34
2456, 32, 34
2457, 32, 34
2458, 32, 34
2459, 32, 34
2460, 32, 34
2461, 32, 34
2462, 32, 34
2463, 32, 34
2464, 32, 34
2465, 32, 34
2466, 32, 34
2467, 32, 34
2468, 32, 34
2469, 32, 34
2470, 32, 34
2471, 32, 34
2472, 32, 34
2473, 32, 34
2474, 32, 34
2475, 32, 34
2476, 32, 34
2477, 32, 34
2478, 32, 34
2479, 32, 34
2480, 32, 34
2481, 32, 34
2482, 32, 34
2483, 32, 34
2484, 32, 34
2485, 32, 34
2486, 32, 34
2487, 32, 34
2488, 32, 34
2489, 32, 34
2490, 32, 34
2491, 32, 34
2492, 32, 34
2493, 32, 34
2494, 32, 34
2495, 32, 34
2496, 32, 34
2497, 32, 34
2498, 32, 34
2499, 32, 34
2500, 32, 34
2501, 32, 34
2502, 32, 34
2503, 32, 34
2504, 32, 34
2505, 32, 34
2506, 32, 34
2507, 32, 34
2508, 32, 34
2509, 32, 34
2510, 32, 34
2511, 32, 34
2512, 32, 34
2513, 32, 34
2514, 32, 34
2515, 32, 34
2516, 32, 34
2517, 32, 34
2518, 32, 34
2519, 32, 34
2520, 32, 34
2521, 32, 34
2522, 32, 34
2523, 32, 34
2524, 30, 35
2525, 30, 35
2526, 30, 35
2527, 30, 35
2528, 30, 35
2529, 30, 35
2530, 30, 35
2531, 30, 35
2532, 30, 35
2533, 30, 35
2534, 30, 35
2535, 30, 35
2536, 30, 35
2537, 30, 35
2538, 30, 35
2539, 30, 35
2540, 30, 35
2541, 30, 35
2542, 30, 35
2543, 30, 35
2544, 30, 35
2545, 30, 35
2546, 30, 35
2547, 30, 35
2548, 30, 35
2549, 30, 35
2550, 30, 35
2551, 30, 35
2552, 30, 35
2553, 30, 35
2554, 30, 35
2555, 30, 35
2556, 30, 35
2557, 30, 35
2558, 30, 35
2559, 30, 35
2560, 30, 35
2561, 30, 35
2562, 30, 35
2563, 30, 35
2564, 30, 35
2565, 30, 35
2566, 30, 35
2567, 30, 35
2568, 30, 35
2569, 30, 35
2570, 30, 35
2571, 30, 35
2572, 30, 35
2573, 30, 35
2574, 30, 35
2575, 30, 35
2576, 30, 35
2577, 30, 35
2578, 30, 35
2579, 30, 35
2580, 30, 35
2581, 30, 35
2582, 30, 35
2583, 30, 35
2584, 30, 35
2585, 30, 35
2586, 30, 35
2587, 30, 35
2588, 30, 35
2589, 30, 35
2590, 30, 35
2591, 30, 35
2592, 30, 35
2593, 30, 35
2594, 30, 35
2595, 30, 35
2596, 30, 35
2597, 30, 35
2598, 30, 35
2599, 30, 35
2600, 30, 35
2601, 30, 35
2602, 30, 35
2603, 30, 35
2604, 30, 35
2605, 30, 35
2606, 30, 35
2607, 30, 35
2608, 30, 35
2609, 30, 35
2610, 30, 35
2611, 30, 35
2612, 30, 35
2613, 30, 35
2614, 30, 35
2615, 30, 35
2616, 30, 35
2617, 30, 35
2618, 30, 35
2619, 30, 35
2620, 30, 35
2621, 30, 35
2622, 30, 35
2623, 30, 35
2624, 30, 35
2625, 30, 35
2626, 30, 35
2627, 30, 35
2628, 30, 35
2629, 30, 35
2630, 30, 35
2631, 30, 35
2632, 30, 35
2633, 30, 35
2634, 30, 35
2635, 30, 35
2636, 30, 35
2637, 30, 35
2638, 30, 35
2639, 30, 35
2640, 30, 35
2641, 30, 35
2642, 30, 35
2643, 30, 35
2644, 30, 35
2645, 30, 35
2646, 30, 35
2647, 30, 35
2648, 30, 35
2649, 30, 35
2650, 30, 35
2651, 30, 35
2652, 30, 35
2653, 30, 35
2654, 30, 35
2655, 30, 35
2656, 30, 35
2657, 30, 35
2658, 30, 35
2659, 30, 35
2660, 30, 35
2661, 30, 35
2662, 30, 35
2663, 30, 35
2664, 30, 35
2665, 30, 35
2666, 30, 35
2667, 30, 35
2668, 30, 35
2669, 30, 35
2670, 30, 35
2671, 30, 35
2672, 30, 35
2673, 30, 35
2674, 30, 35
2675, 30, 35
2676, 30, 35
2677, 30, 35
2678, 30, 35
2679, 30, 35
2680, 30, 35
2681, 30, 35
2682, 30, 35
2683, 30, 35
2684, 30, 35
2685, 30, 35
2686, 30, 35
2687, 30, 35
2688, 30, 35
2689, 30, 35
2690, 30, 35
2691, 30, 35
2692, 30, 35
2693, 30, 35
2694, 30, 35
2695, 30, 35
2696, 30, 35
2697, 30, 35
2698, 30, 35
2699, 30, 35
2700, 30, 35
2701, 30, 35
2702, 30, 35
2703, 30, 35
2704, 30, 35
2705, 30, 35
2706, 30, 35
2707, 30, 35
2708, 30, 35
2709, 30, 35
2710, 30, 35
2711, 30, 35
2712, 30, 35
2713, 30, 35
2714, 30, 35
2715, 30, 35
2716, 30, 35
2717, 30, 35
2718, 30, 35
2719, 30, 35
2720, 30, 35
2721, 30, 35
2722, 30, 35
2723, 30, 35
2724, 30, 35
2725, 30, 35
2726, 30, 35
2727, 30, 35
2728, 30, 35
2729, 30, 35
2730, 30, 35
2731, 30, 35
2732, 30, 35
2733, 30, 35
2734, 30, 35
2735, 30, 35
2736, 30, 35
2737, 30, 35
2738, 30, 35
2739, 30, 35
2740, 30, 35
2741, 30, 35
2742, 30, 35
2743, 30, 35
2744, 30, 35
2745, 30, 35
2746, 30, 35
2747, 30, 35
2748, 30, 35
2749, 30, 35
2750, 30, 35
2751, 30, 35
2752, 30, 35
2753, 30, 35
2754, 30, 35
2755, 30, 35
2756, 30, 35
2757, 30, 35
2758, 30, 35
2759, 30, 35
2760, 30, 35
2761, 30, 35
2762, 30, 35
2763, 30, 35
2764, 30, 35
2765, 30, 35
2766, 30, 35
2767, 30, 35
2768, 30, 35
2769, 30, 35
2770, 30, 35
2771, 30, 35
2772, 30, 35
2773, 30, 35
2774, 30, 35
2775, 30, 35
2776, 30, 35
2777, 30, 35
2778, 30, 35
2779, 30, 35
2780, 30, 35
2781, 30, 35
2782, 30, 35
2783, 30, 35
2784, 30, 35
2785, 30, 35
2786, 30, 35
2787, 30, 35
2788, 30, 35
2789, 30, 35
2790, 30, 35
2791, 30, 35
2792, 30, 35
2793, 30, 35
2794, 30, 35
2795, 30, 35
2796, 30, 35
2797, 30, 35
2798, 30, 35
2799, 30, 35
2800, 30, 35
2801, 30, 35
2802, 30, 35
2803, 30, 35
2804, 30, 35
2805, 30, 35
2806, 30, 35
2807, 30, 35
2808, 30, 35
2809, 30, 35
2810, 30, 35
2811, 30, 35
2812, 30, 35
2813, 30, 35
2814, 30, 35
2815, 30, 35
2816, 30, 35
2817, 30, 35
2818, 30, 35
2819, 30, 35
2820, 30, 35
2821, 30, 35
2822, 30, 35
2823, 30, 35
2824, 30, 35
2825, 30, 35
2826, 30, 35
2827, 30, 35
2828, 30, 35
2829, 30, 35
2830, 30, 35
2831, 30, 35
2832, 30, 35
2833, 30, 35
2834, 30, 35
2835, 30, 35
2836, 30, 35
2837, 30, 35
2838, 30, 35
2839, 30, 35
2840, 30, 35
2841, 30, 35
2842, 30, 35
2843, 30, 35
2844, 30, 35
2845, 30, 35
2846, 30, 35
2847, 30, 35
2848, 30, 35
2849, 30, 35
2850, 30, 35
2851, 30, 35
2852, 30, 35
2853, 30, 35
2854, 30, 35
2855, 30, 35
2856, 30, 35
2857, 30, 35
2858, 30, 35
2859, 30, 35
2860, 30, 35
2861, 30, 35
2862, 30, 35
2863, 30, 35
2864, 30, 35
2865, 30, 35
2866, 30, 35
2867, 30, 35
2868, 30, 35
2869, 30, 35
2870, 30, 35
2871, 30, 35
2872, 30, 35
2873, 30, 35
2874, 30, 35
2875, 30, 35
2876, 30, 35
2877, 30, 35
2878, 30, 35
2879, 30, 35
2880, 30, 35
2881, 30, 35
2882, 30, 35
2883, 30, 35
2884, 30, 35
2885, 30, 35
2886, 30, 35
2887, 30, 35
2888, 30, 35
2889, 30, 35
2890, 30, 35
2891, 30, 35
2892, 30, 35
2893, 30, 35
2894, 30, 35
2895, 30, 35
2896, 30, 35
2897, 30, 35
2898, 30, 35
2899, 30, 35
2900, 30, 35
2901, 30, 35
2902, 30, 35
2903, 30, 35
2904, 30, 35
2905, 30, 35
2906, 30, 35
2907, 30, 35
2908, 30, 35
2909, 30, 35
2910, 30, 35
2911, 30, 35
2912, 30, 35
2913, 30, 35
2914, 30, 35
2915, 30, 35
2916, 30, 35
2917, 30, 35
2918, 30, 35
2919, 30, 35
2920, 30, 35
2921, 30, 35
2922, 30, 35
2923, 30, 35
2924, 30, 35
2925, 30, 35
2926, 30, 35
2927, 30, 35
2928, 30, 35
2929, 30, 35
2930, 30, 35
2931, 30, 35
2932, 30, 35
2933, 30, 35
2934, 30, 35
2935, 30, 35
2936, 30, 35
2937, 30, 35
2938, 30, 35
2939, 30, 35
2940, 30, 35
2941, 30, 35
2942, 30, 35
2943, 30, 35
2944, 30, 35
2945, 30, 35
2946, 30, 35
2947, 30, 35
2948, 30, 35
2949, 30, 35
2950, 30, 35
2951, 30, 35
2952, 30, 35
2953, 30, 35
2954, 30, 35
2955, 30, 35
2956, 30, 35
2957, 30, 35
2958, 30, 35
2959, 30, 35
2960, 30, 35
2961, 30, 35
2962, 30, 35
2963, 30, 35
2964, 30, 35
2965, 30, 35
2966, 30, 35
2967, 30, 35
2968, 30, 35
2969, 30, 35
2970, 30, 35
2971, 30, 35
2972, 30, 35
2973, 30, 35
2974, 30, 35
2975, 30, 35
2976, 30, 35
2977, 30, 35
2978, 30, 35
2979, 30, 35
2980, 30, 35
2981, 30, 35
2982, 30, 35
2983, 30, 35
2984, 30, 35
2985, 30, 35
2986, 30, 35
2987, 30, 35
2988, 30, 35
2989, 30, 35
2990, 30, 35
2991, 30, 35
2992, 30, 35
2993, 30, 35
2994, 30, 35
2995, 30, 35
2996, 30, 35
2997, 30, 35
2998, 30, 35
2999, 30, 35
3000, 30, 35
3001, 30, 35
